[{"id":"user-image-ScreenShot2024-03-03at10.57.18AM.png","publicUrl":"np://user.desktop.nicepage.com/Site_25287395/images/ScreenShot2024-03-03at10.57.18AM.png","size":812298,"hash":"Nwd8+Xu7BrFaWhCPwuIZFagucPk=","fileName":"ScreenShot2024-03-03at10.57.18AM.png","name":"ScreenShot2024-03-03at10.57.18AM","width":878,"height":507,"thumbnail":{"url":"np://user.desktop.nicepage.com/Site_25287395/images/thumbnails/ScreenShot2024-03-03at10.57.18AM.png","width":250,"height":144},"folderId":null,"usages":["513101461"]},{"id":"user-image-5008c3c5-364d-49aa-bbb7-2f3c8343a91e.JPG","publicUrl":"np://user.desktop.nicepage.com/Site_25287395/images/5008c3c5-364d-49aa-bbb7-2f3c8343a91e.JPG","size":192861,"hash":"ji5tnyIcayK8G2RBQNGOeWMscXs=","fileName":"5008c3c5-364d-49aa-bbb7-2f3c8343a91e.JPG","name":"5008c3c5-364d-49aa-bbb7-2f3c8343a91e","width":1280,"height":1080,"thumbnail":{"url":"np://user.desktop.nicepage.com/Site_25287395/images/thumbnails/5008c3c5-364d-49aa-bbb7-2f3c8343a91e.JPG","width":250,"height":211},"folderId":null,"usages":["513101461"]},{"id":"user-image-IMG_1692.JPG","publicUrl":"np://user.desktop.nicepage.com/Site_25287395/images/IMG_1692.JPG","size":2396601,"hash":"5uJiiigO1/jsUt5hFx84t94lHGs=","fileName":"IMG_1692.JPG","name":"IMG_1692","width":4032,"height":3024,"thumbnail":{"url":"np://user.desktop.nicepage.com/Site_25287395/images/thumbnails/IMG_1692.JPG","width":250,"height":188},"folderId":null,"usages":["513101461"]},{"id":"user-image-IMG_3092.JPG","publicUrl":"np://user.desktop.nicepage.com/Site_25287395/images/IMG_3092.JPG","size":2403049,"hash":"NF31SQzL3HiJk/VoMIJK1N8DCmk=","fileName":"IMG_3092.JPG","name":"IMG_3092","width":4031,"height":2267,"thumbnail":{"url":"np://user.desktop.nicepage.com/Site_25287395/images/thumbnails/IMG_3092.JPG","width":250,"height":141},"folderId":null,"usages":["513101461"]},{"id":"user-image-1657768462081.jpeg","publicUrl":"np://user.desktop.nicepage.com/Site_25287395/images/1657768462081.jpeg","size":433334,"hash":"gHAscu39E7d4sWIWuEenF+RzMbc=","fileName":"1657768462081.jpeg","name":"1657768462081","width":2048,"height":1536,"thumbnail":{"url":"np://user.desktop.nicepage.com/Site_25287395/images/thumbnails/1657768462081.jpeg","width":250,"height":188},"folderId":null,"usages":["513101461"]},{"id":"user-image-WechatIMG48.jpg","publicUrl":"np://user.desktop.nicepage.com/Site_25287395/images/WechatIMG48.jpg","size":277835,"hash":"t8pNXTy0TU4XO4n32RzW8Z1Sl1o=","fileName":"WechatIMG48.jpg","name":"WechatIMG48","width":1276,"height":1702,"thumbnail":{"url":"np://user.desktop.nicepage.com/Site_25287395/images/thumbnails/WechatIMG48.jpg","width":187,"height":250},"folderId":null,"usages":["513101461"]}]