[{"id":2361023805,"title":"Blog Template","order":1,"templateKey":"blog","customTemplate":false,"customTemplateFilename":null,"pageLinks":[],"dateCreated":"2024-03-03T14:20:09.295Z","dateUpdated":"2024-03-03T14:20:13.018Z","folderId":null,"pageName":"Blog Template","serverPageId":null,"sectionCount":1,"status":2,"backwardUrl":null},{"id":177107001,"title":"Post Template","order":2,"templateKey":"post","customTemplate":false,"customTemplateFilename":null,"pageLinks":[],"dateCreated":"2024-03-03T14:20:09.668Z","dateUpdated":"2024-03-03T14:20:13.018Z","folderId":null,"pageName":"Post Template","serverPageId":null,"sectionCount":1,"status":2,"backwardUrl":null},{"id":754309681,"title":"Product List Template","order":3,"templateKey":"products","customTemplate":false,"customTemplateFilename":null,"pageLinks":[],"dateCreated":"2024-03-03T14:20:10.010Z","dateUpdated":"2024-03-03T14:20:13.018Z","folderId":null,"pageName":"Product List Template","serverPageId":null,"sectionCount":1,"status":2,"backwardUrl":null},{"id":821118379,"title":"Product Details Template","order":4,"templateKey":"product","customTemplate":false,"customTemplateFilename":null,"pageLinks":[],"dateCreated":"2024-03-03T14:20:10.343Z","dateUpdated":"2024-03-03T14:20:13.019Z","folderId":null,"pageName":"Product Details Template","serverPageId":null,"sectionCount":1,"status":2,"backwardUrl":null},{"id":413200681,"title":"Shopping Cart Template","order":5,"templateKey":"cart","customTemplate":false,"customTemplateFilename":null,"pageLinks":[],"dateCreated":"2024-03-03T14:20:10.739Z","dateUpdated":"2024-03-03T14:20:13.019Z","folderId":null,"pageName":"Shopping Cart Template","serverPageId":null,"sectionCount":1,"status":2,"backwardUrl":null},{"id":45522481,"title":"Checkout Template","order":6,"templateKey":"checkout","customTemplate":false,"customTemplateFilename":null,"pageLinks":[],"dateCreated":"2024-03-03T14:20:11.160Z","dateUpdated":"2024-03-03T14:20:13.019Z","folderId":null,"pageName":"Checkout Template","serverPageId":null,"sectionCount":1,"status":2,"backwardUrl":null},{"id":53868892,"title":"Login Template","order":7,"templateKey":"login","customTemplate":false,"customTemplateFilename":null,"pageLinks":[],"dateCreated":"2024-03-03T14:20:11.386Z","dateUpdated":"2024-03-03T14:20:13.019Z","folderId":null,"pageName":"Login Template","serverPageId":null,"sectionCount":1,"status":2,"backwardUrl":null},{"id":143265966,"title":"Page Password Template","order":8,"templateKey":"password","customTemplate":false,"customTemplateFilename":null,"pageLinks":[],"dateCreated":"2024-03-03T14:20:11.623Z","dateUpdated":"2024-03-03T14:20:13.019Z","folderId":null,"pageName":"Page Password Template","serverPageId":null,"sectionCount":1,"status":2,"backwardUrl":null},{"id":1091621,"title":"404 Not Found Template","order":9,"templateKey":"404","customTemplate":false,"customTemplateFilename":null,"pageLinks":[],"dateCreated":"2024-03-03T14:20:11.774Z","dateUpdated":"2024-03-03T14:20:13.020Z","folderId":null,"pageName":"404 Not Found Template","serverPageId":null,"sectionCount":1,"status":2,"backwardUrl":null},{"id":24106284,"title":"Thank You Page Template","order":10,"templateKey":"ThankYou","customTemplate":false,"customTemplateFilename":null,"pageLinks":[],"dateCreated":"2024-03-03T14:20:11.904Z","dateUpdated":"2024-03-03T14:20:13.020Z","folderId":null,"pageName":"Thank You Page Template","serverPageId":null,"sectionCount":1,"status":2,"backwardUrl":null},{"id":513101461,"title":"Home","order":50,"templateKey":null,"customTemplate":false,"customTemplateFilename":null,"pageLinks":[],"dateCreated":"2024-03-03T14:20:14.247Z","dateUpdated":"2024-03-03T20:29:29.758Z","folderId":null,"pageName":"Home_513101461","serverPageId":null,"sectionCount":4,"status":2,"backwardUrl":null},{"id":93289336,"title":"About","order":100,"templateKey":null,"customTemplate":false,"customTemplateFilename":null,"pageLinks":[],"dateCreated":"2024-03-03T14:20:12.022Z","dateUpdated":"2024-03-03T14:20:13.020Z","folderId":null,"pageName":"About_93289336","serverPageId":null,"sectionCount":1,"status":2,"backwardUrl":null},{"id":1212324683,"title":"Contact","order":101,"templateKey":null,"customTemplate":false,"customTemplateFilename":null,"pageLinks":[],"dateCreated":"2024-03-03T14:20:12.104Z","dateUpdated":"2024-03-03T14:20:13.020Z","folderId":null,"pageName":"Contact_1212324683","serverPageId":null,"sectionCount":1,"status":2,"backwardUrl":null},{"id":309792534,"title":"Gallery","order":102,"templateKey":null,"customTemplate":false,"customTemplateFilename":null,"pageLinks":[],"dateCreated":"2024-03-03T14:20:44.435Z","dateUpdated":"2024-03-03T14:22:36.299Z","folderId":null,"pageName":"Gallery_309792534","serverPageId":null,"sectionCount":2,"status":2,"backwardUrl":null}]